<?xml version="1.0" encoding="UTF-8"?>
<beans xmlns="http://www.springframework.org/schema/beans"
	xmlns:xsi="http://www.w3.org/2001/XMLSchema-instance"
	xsi:schemaLocation="http://www.springframework.org/schema/beans http://www.springframework.org/schema/beans/spring-beans.xsd">

	<bean id="calculator" class="com.all4.exam.Calculator" />

	<bean id="myCalculator" class="com.all4.exam.MyCalculator">
		<property name="calculator">
			<ref bean="calculator" />
		</property>
		<property name="firstNum" value="10" />
		<property name="secondNum" value="2" />
	</bean>

	<bean id="bmicalculator" class="com.all4.exam.BMICalculator">
		<property name="obesity" value="25" />
		<property name="overWeight" value="23" />
		<property name="normal" value="18" />
	</bean>

	<bean id="myinfo" class="com.all4.exam.Myinfo">
		<property name="bmiCalculator">
			<ref bean="bmicalculator" />
		</property>
		<property name="name" value="홍길동" />
		<property name="height" value="187.0" />
		<property name="weight" value="84.0" />
		<property name="hobbys">
			<list>
				<value>수영</value>
				<value>요리</value>
				<value>독서</value>
			</list>
		</property>
	</bean>

</beans>
